	Eukaryote	EukaryoteVirus	Plasmid	Prokaryote	ProkaryoteVirus	TotalCnt
SRZ187075	6.070437572832848	1.4021636986070665	8.905745449342282	44.10074491537616	39.52090836384164	7659662.0
SRZ187076	13.1097299100791	1.8748469813771589	16.640970250550282	56.53388789132595	11.840564966667504	8556965.0
SRZ187077	10.755354147003846	0.37371287100368894	24.470549808176848	62.09867765233163	2.3017055214839877	17989747.0
SRZ187078	4.209304608936321	0.7687992417751267	11.932032135961848	36.112547989837545	46.97731602348916	33997302.0
SRZ187079	16.90567150498858	0.4904999098449333	16.673428296670274	63.803022448611614	2.1273778398846015	2129664.0
SRZ187080	13.803920386050542	0.7528157895303679	13.579619334406015	66.58244607333151	5.281198416681565	1392771.0
SRZ187081	15.860323066569439	3.0515884629948395	16.37638958474917	56.09705886729931	8.614640018387247	1209534.0
SRZ187082	9.728675633398229	0.9014006184857069	27.497676233132147	57.28127089706292	4.590976617920997	9279115.0
SRZ187083	15.224198033339357	0.5504407785170979	17.685668392531536	59.8267603281019	6.712932467510114	4531641.0
SRZ187084	20.347831533138415	2.042177662856833	15.101400074281822	51.6719302599426	10.83666046978033	2969771.0
SRZ187085	12.134492365061432	0.7360279921850013	19.827893012035133	64.72716681681008	2.574419813908356	8044531.0
SRZ187086	12.471345995444345	1.709215900828762	17.149195272360995	56.217768019111524	12.452474812254373	3311928.0
SRZ187087	20.487371038471746	2.529944694522592	18.509205547591534	46.68856486384235	11.784913855571773	3684626.0
SRZ187088	13.398529419611652	1.2657343030484127	19.90848891995582	59.65980822692614	5.767439130457983	3748180.0
SRZ187089	15.456022838678733	1.5983881936749307	15.826736934646567	51.8246280799707	15.294223953029066	2943778.0
SRZ187090	14.698362467491283	0.8852341557140145	19.01936750722275	53.14548077415953	12.251555095412419	3550586.0
SRZ187091	12.944246390878277	0.6182548597371497	19.150609176318124	63.84610994990868	3.4407796231577663	4048007.0
SRZ187092	10.540661626126564	1.306017949813671	9.381365609337927	40.671780544229776	38.10017427049206	2127153.0
SRZ187093	30.300229569780267	18.47051564405925	8.353177097983908	30.142732515558507	12.733345172618067	1542886.0
SRZ187094	8.995891838530609	0.873130678445618	23.851160436270355	62.81895446795211	3.4608625788013105	4440916.0
SRZ187095	2.974830120472739	0.5615621035826595	8.667001807472412	31.668486426161827	56.12811954231036	3146936.0
SRZ187096	22.457407054627478	3.750482590873763	11.848447994993368	45.06489715472389	16.878765204781505	1380569.0
SRZ187097	10.20127525042992	0.46627086404981116	19.53090836202334	66.16083087122439	3.6407146522725435	2609213.0
SRZ187098	2.7551276920326453	0.26236286299503864	8.166010078872212	37.11368180131027	51.70281756478983	1101909.0
SRZ187099	22.923375862382787	2.5977260716218784	15.088259353224219	45.77469023939422	13.6159484733769	1878951.0
SRZ187100	8.942408921148592	0.938630357176135	22.775953151686142	60.49067262165829	6.852334948330841	3809913.0
SRZ187101	13.95325587126073	1.1168036194063893	13.773641294384582	52.684263750768466	18.472035464179832	4691156.0
SRZ187102	15.111186595734502	2.848534174619481	17.45601121046858	47.25781647867739	17.32645154050005	3991983.0
SRZ187103	11.678146542664534	0.9456794832366321	21.12288593029376	58.69581278037499	7.557475263430081	3492198.0
SRZ187104	16.395287435564512	1.398966117349819	16.11166328207122	49.747541190955985	16.34654197405846	3842409.0
SRZ187105	18.01168566754876	4.133404701280121	14.701029999549782	43.60364776916805	19.55023186245329	1999030.0
SRZ187106	10.610165487649644	0.865856273373366	20.901628043553323	57.50102166842466	10.121328526999003	2429849.0
SRZ187107	16.43424834478814	1.3756979517056194	14.690883732878373	55.38310399480414	12.116065975823728	3301088.0
SRZ187108	16.202695781893727	2.5639441135123495	18.937477188281875	47.631880148524694	14.664002767787354	4838522.0
SRZ187109	14.31813805933514	1.319465430337249	20.156020284167052	59.84613462168652	4.3602416044740435	1568514.0
SRZ187110	16.997720494024662	1.9949910537252225	19.153796905451703	53.9778467820423	7.875644764756112	4960724.0
SRZ187111	15.984860684532752	2.602529878767474	20.12967376321268	46.602952037999	14.67998363548809	5135503.0
SRZ187112	13.07139449187384	0.3322539057345014	20.96036910333066	63.89340060299059	1.7425818960704098	1970180.0
SRZ187113	12.240341745104304	0.5018107742714312	22.36595651753218	62.36502060351343	2.5268703595786532	4102941.0
SRZ187114	19.671409600034178	2.343177011756161	12.85794519962688	53.799434977961646	11.328033210621133	2246992.0
SRZ187115	16.915915092267504	1.7241527692599554	21.9879805470606	56.717771106540276	2.6541804848716612	2672501.0
SRZ187116	4.022219188967844	0.7539739386387655	17.818361069591564	62.8735069856449	14.531938817156927	2959784.0
SRZ187117	21.49276557483755	0.5569928179782223	17.399130379621152	44.99361506128438	15.557496166278698	2900576.0
SRZ187118	15.071698822818933	0.8977391558710941	20.360706531061627	61.325434909277426	2.3444205809709224	2967343.0
SRZ187119	14.86619886570843	1.3569790789015899	17.282856100904162	55.10860862749043	11.385357326995384	1908504.0
SRZ187120	31.76080938571052	6.093324325511908	5.274106907461112	43.95130283856226	12.920456542754197	728256.0
SRZ187121	11.939007645061281	3.8923959535437063	11.073047146667482	59.03593509977302	14.059614154954515	1570164.0
SRZ187122	11.48456118876729	1.7071158811247702	13.580172420577886	33.61706561209005	39.61108489744	2668243.0
SRZ187123	15.923231992856003	3.2651079120973776	21.051384305469124	50.88389694051919	8.876378849058304	4806273.0
SRZ187124	12.656341953633131	0.6705163464639939	26.525755328200628	59.06493571837379	1.0824506533284577	5564965.0
SRZ187125	8.360548681327332	1.4386255401457106	16.729404305111817	55.78363868347096	17.687782789944183	3214179.0
SRZ187126	10.680776009974156	4.598979255091855	13.79183814387849	65.00968048820376	5.9187261028517435	1706009.0
SRZ187127	14.789129743426654	0.267926451026054	22.660274275527104	60.88501789026015	1.3976516397600345	1754586.0
SRZ187128	2.6997368430323294	0.935493075836413	15.712091481394063	32.720592120791515	47.93208647894568	567722.0
SRZ187129	5.778425709919992	1.0243478234054264	9.319583877488402	41.64809986446877	42.22954272471741	1297118.0
SRZ187130	13.034216039003713	3.162685343752753	18.99086827218794	54.41570235044006	10.396527994615541	3212207.0
SRZ187131	11.154547736168958	1.0982520203355715	20.140085568142787	48.86683378953701	18.740280885815675	2378689.0
SRZ187132	15.349356464773447	2.2782289865229264	12.347829207913778	52.65135379939382	17.373231541396027	1058761.0
SRZ187133	11.69205449542075	0.5374024998614836	19.87318056174034	62.10040077405004	5.79696166892739	2436535.0
SRZ187134	11.591772307995857	1.21803725303454	20.922247855237547	47.1086970544377	19.159245529294363	2108392.0
SRZ187135	14.538150820628548	3.1216364223215285	18.789645481444868	44.61611492175905	18.93445235384601	2961876.0
SRZ187136	16.956034684657993	0.6570261109713074	18.320467544633935	50.71626953436132	13.35020212537545	3898323.0
SRZ187137	6.614990279877609	1.0988129257094552	12.528754440709148	32.85584587809318	46.90159647561061	1582799.0
SRZ187138	19.509445391218655	5.821380622821729	16.364100732758036	41.22489478751825	17.08017846568333	2212190.0
SRZ187139	11.466805847276047	0.49779607223304584	20.520955274846486	60.02945613909045	7.4849866665539695	2366230.0
SRZ187140	13.557167532888885	0.495860597117242	26.542286122816346	52.794618800356545	6.610066946820978	10371665.0
SRZ187141	23.281228992562927	3.269199470701038	8.853869614135396	45.60703090171881	18.988671020881835	706595.0
SRZ187142	13.526808308382465	0.5911632116865417	18.91070938705215	64.3313142811876	2.6400048116912362	3408365.0
SRZ187143	11.329996704786703	0.5831897304587549	31.171817463189946	51.040423083779444	5.874573017785148	2221404.0
SRZ187144	24.47835464176814	4.538324758125038	12.20341160323717	35.425233423705436	23.35467557316422	1479070.0
SRZ187145	9.134754702343928	0.17532155165910887	21.88618495439558	67.59316166598859	1.210577125612796	9703884.0
SRZ187146	22.62898672425493	1.353837163722294	21.07776144028647	47.506330080890095	7.433084590846209	3586842.0
SRZ187147	15.181228906626668	5.522187103801718	14.460598917876467	49.77703969571972	15.058945375975428	1400025.0
SRZ187148	13.429610815137579	0.7485681923535528	21.13526137464954	62.01438841451798	2.672171203341343	3852822.0
SRZ187149	16.664353048405157	1.369540241432154	17.52684558241991	56.068316276487124	8.370944851255656	1094966.0
SRZ187150	16.589851729600706	4.592397046789114	19.702712247258845	40.30181675323613	18.813222223115204	2115257.0
SRZ187151	12.641515532288356	0.9952560167405388	26.946828854931038	50.63901037399879	8.777389222041275	5538173.0
SRZ187152	13.512515347851282	1.0099065114171126	26.72309401668297	48.5693664138994	10.185117710149232	5447831.0
SRZ187153	18.53279343866181	2.8504189223417797	18.98208082240749	35.56226953970284	24.072437276886085	4338871.0
SRZ187154	10.935551783175589	2.2563536041199677	21.165657963043273	57.07968642269936	8.562750226961805	3580999.0
SRZ187155	11.991406395591259	1.32310219894805	20.703525010766935	57.00977407197112	8.972192322722629	6417796.0
SRZ187156	17.179984145775517	2.0512556420767427	17.698014828432942	53.60357651776813	9.467168865946668	6718714.0
SRZ187157	9.806484958408527	0.7178820552082004	23.322365822684823	62.28837793251791	3.8648892311805416	5266464.0
SRZ187158	16.37977663104699	0.36369600081580605	21.171533205460644	52.91905595682956	9.165938205846995	1902413.0
SRZ187159	13.844817327981762	2.331527895811344	23.315498668991502	43.64495073642692	16.86320537078847	2275718.0
SRZ187160	13.052640667877293	0.9077000704250054	23.350139096131482	60.286165668754236	2.403354496811987	1482428.0
SRZ187161	11.603343347776574	2.1557013238660896	20.340098675344336	60.91153206625683	4.989324586756171	5572618.0
SRZ187162	12.311871286108786	2.7768764945769684	22.873465898167424	52.829897654013386	9.207888667133437	1815313.0
SRZ187163	9.505218761853095	5.915402714330401	23.549936758307933	56.097420917661886	4.932020847846685	1323494.0
SRZ187164	19.034339672673816	5.239122759218221	15.806681440491644	46.140714612148244	13.779141515468078	2059047.0
SRZ187165	14.296309623145428	2.6260085179245545	20.899562316403983	44.61987288253888	17.55824665998716	3223790.0
SRZ187166	15.178595414019124	0.29352128498466906	21.66787596167874	62.210625557919876	0.6493817813975937	7780015.0
SRZ187167	8.085868995754932	0.3382733268616359	17.87543750752654	36.925770766385014	36.77464940347187	10330108.0
SRZ187168	12.33549356139817	2.383985394182275	20.89232741374734	46.7969881975152	17.59120543315702	3861475.0
SRZ187169	12.595080234222104	0.7432895815180234	22.116179139604036	63.972720376153816	0.5727306685020187	8569473.0
SRZ187170	11.641085533602832	2.445113268789402	24.823563661400062	43.92243418920687	17.167803347000838	3218583.0
SRZ187171	11.430563612911454	4.1011075138915745	27.30130213802372	44.51136381751631	12.655662917656942	2885562.0
SRZ187172	11.473118623802707	3.8279802099956366	20.43626255926875	55.98013274530287	8.282505861630037	5747548.0
SRZ187173	12.742902974368244	0.7896737086891058	21.643527670774827	54.58970307958707	10.23419256658076	6196610.0
SRZ187174	25.221299713635695	7.591754203129686	14.800166484666768	35.82959469646066	16.557184902107196	3370881.0
SRZ187175	13.914534169955674	0.45535028339867384	24.606885318333042	59.7981917878681	1.2250384404445134	3639396.0
SRZ187176	10.496400536037106	0.9302590458716257	14.683597208928301	31.026101289019014	42.863641920143955	6110771.0
SRZ187177	15.346704962757318	2.950879129964024	20.683681817683464	45.60692814327076	15.411805946324431	3374757.0
SRZ187178	18.069309237273742	0.5455581156616872	18.982680957169073	59.5982487070462	2.8042029828492927	3326685.0
SRZ187179	5.380378944733315	0.9659978895361674	23.119818367989097	50.24598898873318	20.28781580900824	5752290.0
SRZ187180	12.524349211970957	3.1886742162155253	20.84370133580644	47.526147448056534	15.917127787950541	2191036.0
SRZ187181	12.871108041168657	0.7935888918799247	20.85233795979461	57.843310123637686	7.639654983519123	3295031.0
SRZ187182	11.050643628770205	1.1338410414408557	16.021027815165045	48.1206589726371	23.673828541986794	4510597.0
SRZ187183	12.724028633264833	3.2281541860113134	25.00506781030708	45.14850733179651	13.894242038620266	3660358.0
SRZ187184	11.872579986170145	0.14555562834786	20.618713449036274	66.68362539839083	0.6795255380548877	6517783.0
SRZ187185	10.05661231884058	5.891133582798765	21.661877821335235	47.7414840223331	14.648892254692326	2693760.0
SRZ187186	9.446282966530196	3.469092716655465	23.163140620167553	47.87745932852609	16.04402436812069	2502614.0
SRZ187187	8.502451356040307	0.9950937875894803	23.311847141593095	62.89362772441302	4.2969799903640915	3999623.0
SRZ187188	15.893903784451775	4.169432000266592	16.215670328311766	46.42033766026958	17.30065622670029	3931111.0
SRZ187189	15.613790474954117	3.3450127716551226	19.30577451901893	48.79612743611156	12.939294798260276	2403369.0
SRZ187190	12.947284641398552	0.7186915456517431	20.88074159139715	61.951224809484636	3.5020574120679187	4420116.0
SRZ187191	6.010892313829772	1.2142733470757148	18.48353518056717	44.42648552908777	29.86481362943957	5203853.0
SRZ187192	19.264674033651417	2.3869618808002975	12.06274681760697	44.022368326065276	22.26324894187604	748022.0
SRZ187193	10.47037200126656	0.27421211558930586	22.036743168006616	66.79751377568778	0.4211589394497479	5416245.0
SRZ187194	10.425576823000545	1.3389911063441846	24.024299846136994	56.09649879281513	8.114633431703142	3368581.0
SRZ187195	11.69708153436863	2.6349132536115247	19.903208098413486	55.35764981238527	10.40714730122109	9341484.0
SRZ187196	9.720161070508201	0.38610361510886837	25.414533996899497	63.78065791905819	0.6985433984252393	5859049.0
SRZ187197	6.308628487032062	0.6556411230649365	25.467235315250317	61.42027486734901	6.148220207303678	5411192.0
SRZ187198	8.85015047794927	2.883990349320265	21.988163257916227	49.97097320365305	16.306722711161182	6848844.0
SRZ187199	13.303568037599284	0.5822098531349901	23.626591944519994	60.8908825689997	1.5967475957460302	10769141.0
SRZ187200	12.741036631599425	1.0393566474995575	22.403974711714632	48.025947843464074	15.789684165722312	9952118.0
SRZ187201	8.379021864965816	3.546230969179354	23.382777932367993	54.26634174230244	10.4256274911844	4211852.0
SRZ187202	14.645110785772113	0.9936065235121249	18.725639223657026	56.70919411008	8.926449356978734	8669931.0
SRZ187203	13.442515278802402	1.201038688035968	18.427329791213385	57.63400206856396	9.295114173384286	8760667.0
SRZ187204	10.27437364376504	3.9469002049932107	20.13750530550848	55.95656250823004	9.684658337503222	3265474.0
SRZ187206	9.394222674427613	1.0646025066097475	36.11431823229219	52.28882026510358	1.1380363215668634	2129809.0
SRZ187207	4.775669048662307	1.1099713788091008	20.852972962543415	64.71833019346059	8.543056416524593	8914374.0
SRZ187208	3.759078388610336	0.5064579466841808	19.915606551924835	66.63894807020596	9.179909042574696	10487544.0
SRZ187209	7.85490926793003	1.4784393639024205	17.172071854130795	66.67567351204433	6.818906001992425	11417242.0
SRZ187210	10.003981289000551	0.7485696875138147	20.82750191851011	60.08097317103581	8.338973933939721	7555342.0
SRZ187211	5.582106418047789	0.7152932967955264	17.994922542545986	65.8384251160345	9.869252626576198	3164576.0
SRZ187212	37.81086622115486	1.655039847983551	16.360526557915172	39.97017997105397	4.203387401892447	6727693.0
SRZ187213	14.466940326344549	3.5874046376105317	18.43159957630196	51.173995233653336	12.340060226089623	5852281.0
SRZ187214	19.869283653107306	2.0198075840808944	15.807500012048083	51.33854203201363	10.964866718750084	7470068.0
SRZ187215	14.074797906084823	1.767622834176681	18.967471234743467	58.09984284917344	7.090265175821586	12501366.0
SRZ187216	11.768580276322059	1.5907277274892806	19.631788947117673	59.92325214387804	7.085650905192949	6716800.0
SRZ187217	15.346285190980577	2.281974085410256	21.30246387838016	53.45890506722157	7.610371778007436	6866248.0
SRZ187218	7.1877714157342245	0.7394675684731453	18.992366645841635	67.97223933436123	5.108155035589766	9410149.0
SRZ187219	8.830248598513307	1.0166103011096446	13.802019818135157	69.16187871271559	7.189242569526293	7535926.0
SRZ187220	17.492662282996974	3.974482946918159	12.656026028986826	51.69967691292576	14.177151828172283	1758040.0
SRZ187221	16.940722947553045	2.3289766259377926	15.71977760037062	54.976754861007315	10.03376796513123	1411693.0
SRZ187222	16.364692060295123	3.603872097401213	17.95825791906518	52.70039782444012	9.372780098798362	2204490.0
SRZ187223	17.74142229379068	5.744953291879675	16.536711709526905	45.42609640400826	14.550816300794475	1030870.0
SRZ187224	10.288478166160871	2.136589427934638	17.389340258372847	62.97550581461368	7.210086332917959	4042143.0
SRZ187225	8.815681832332517	1.9690035672653938	18.62360626275161	63.244497470893215	7.347210866757265	4159769.0
SRZ187226	10.070565482450286	1.5780523958863453	17.90295179889848	63.03612285890566	7.41230746385923	4996919.0
SRZ187227	10.914885801843692	3.2833713248921836	24.16357239618357	47.51401453324152	14.124155943839034	2975661.0
SRZ187228	12.737592698392387	3.6036777490881304	8.090602663918775	63.065347099478544	12.502779789122167	3547931.0
SRZ187229	7.2773191942318896	0.7890649581919088	8.32399429615794	79.41790015598535	4.19172139543291	5974920.0
SRZ187230	9.729226881413737	0.45673536649488966	20.161436216577144	64.55614908180685	5.09645245370738	8512588.0
SRZ187231	18.01707050313868	4.118703107432041	12.220360220703347	54.22684897261428	11.417017196111651	3264110.0
SRZ187232	12.746635126709942	2.0738487965355605	16.150821852769262	59.460413488634416	9.56828073535082	8071032.0
SRZ187233	16.641002861442797	2.950095515464498	15.902265938858307	56.737687137125675	7.76894854710872	3730286.0
SRZ187234	9.58856841140549	1.591377573580525	14.42705789825282	71.42545782517546	2.9675382915857136	7969636.0
SRZ187235	7.815838664435068	1.8569037133308521	13.988770980235529	73.05384232114578	3.284644320852767	6504753.0
SRZ187236	20.721364075282786	2.154945620053172	8.662073949844567	22.346839027018227	46.11477732780125	1510943.0
SRZ187237	13.742528524731405	2.4613404546273454	22.34585210550843	40.009081112416325	21.441197802716488	1504221.0
SRZ187238	7.452308751468718	3.8400944750660977	21.194051342699613	50.583993599416516	16.929551831349055	2347286.0
SRZ187239	20.471165634928557	1.2404921791510013	17.38917630239542	39.605874158711266	21.293291724813756	4778829.0
SRZ187240	21.75734180883615	0.9566377990519201	18.567524521404568	33.1145179080393	25.60397796266806	8588517.0
SRZ187241	15.384780214364385	3.4059833272144866	13.07290379506578	38.89600770260406	29.24032496075129	2100069.0
SRZ187242	17.014387544023855	1.4458217771185589	9.990730866215502	41.27355904836893	30.27550076427315	2207326.0
SRZ187243	6.099094563837858	1.328970412019541	17.52009756305083	63.69810758878876	11.353729872303013	7051850.0
SRZ187244	15.202709932092343	1.11666321399221	11.88773268559643	36.62443780215644	35.16845636616257	6589095.0
SRZ187245	11.005440338609542	0.9833025521753233	15.00942760490101	32.188296662022886	40.81353284229124	7140732.0
SRZ187246	4.863798878220479	1.7498911862763828	8.415754544170316	56.23905036728101	28.731505024051817	11170466.0
SRZ187247	12.533079953244568	2.0744279709584945	15.932447637076764	44.72944304172752	24.73060139699265	2469018.0
SRZ187248	8.498647735039194	3.20719325768585	10.777688230683589	32.816299287211145	44.700171489380224	4066141.0
SRZ187249	5.948087639503694	2.40159823950268	15.254871537443528	37.23956859702764	39.15587398652246	4930425.0
SRZ187250	7.781107394752619	1.044980131495756	17.578589516374727	37.40577611651821	36.18954684085869	2442056.0
SRZ187251	17.081585731636316	0.894124376427764	20.016107588524633	47.22542571327922	14.782756590132065	8419634.0
SRZ187252	14.88836769949929	0.3300930288417124	20.634076547863202	53.42258605398814	10.72487666980766	1731936.0
SRZ187253	18.661973423768945	3.9801017529869664	12.067803444712768	25.79495732720377	39.49516405132755	1547473.0
SRZ187254	21.172285328019235	3.7934221894859275	15.406986875485387	35.673492912366775	23.953812694642675	1922433.0
SRZ187255	13.430695506580326	3.09730012348919	21.260917197141236	43.36794896051398	18.843138212275274	3932328.0
SRZ187256	15.05170398280666	2.150717037810069	18.385904574656543	44.49191143296572	19.919762971761006	2775028.0
SRZ187257	13.168459687761445	2.8962629928642327	23.94097973617951	41.14798496281185	18.846312620382967	4001812.0
SRZ187258	11.97774218100795	1.0331434447835344	21.265513905349238	58.84510910400927	6.878491364850013	4924292.0
SRZ187259	11.74527465850697	0.7766260608148311	25.315633473564656	55.78022412260722	6.382241684506316	3097501.0
SRZ187260	13.669132536923886	5.35232539760807	18.52107900286259	51.98218075513449	10.475282307470966	5921912.0
SRZ187261	8.433972171173536	0.6888255978282121	12.260942029795054	35.62133077872676	42.99492942247644	5728736.0
SRZ187262	10.912900807102272	3.00533221576325	18.071412348199107	50.251633828542325	17.75872080039305	5261415.0
SRZ187263	7.834435463943592	1.8095186445158287	20.225126279314328	50.80806549859498	19.32285411363127	5568608.0
SRZ187264	8.882857538513486	1.0530149690886708	18.01969731747709	51.488206459984106	20.55622371493665	4217224.0
SRZ187265	11.022041016523099	2.1591043455793155	29.5637779344594	53.56256048908021	3.6925162143579726	913388.0
SRZ187266	7.406654606800951		32.680542287444865	47.28500579280067	12.627797312953515	196796.0
SRZ187267	20.123766437730012	6.335997749701132	6.774337216661588	24.602095590820657	42.16380300508661	85322.0
SRZ187268	20.85091868761865	3.1372846260650267	14.085567319320175	23.580280515829404	38.345948851166746	580502.0
SRZ187269	15.812410392927504	1.887163578971299	15.204352579243166	42.41674694307944	24.679326505778594	3818058.0
SRZ187270	17.681904441414133	1.0981109110436407	14.763932941401995	33.639922082509834	32.816129623630395	2389194.0
SRZ187271	14.243539006702791	0.775478391446833	20.074425652483406	41.866671258436156	23.039885690930813	3077971.0
SRZ187272	15.788356254371404	0.5993642942993165	19.145185583192497	37.68176145439384	26.785332413742942	3904637.0
SRZ187273	9.87566059105013	1.958870348112188	18.65840396692839	47.67445934297315	21.832605750936146	2882835.0
SRZ187274	9.555018514161988	1.0514834559867374	9.44292320955406	30.23180866511454	49.71876615518268	1355989.0
SRZ187275	3.5411564740822428	1.0451886558701466	10.535646781805704	50.67623743247782	34.201770655764086	3224681.0
SRZ187276	15.989202163033651	1.730373593693722	16.432527628406515	43.19963577631173	22.648260838554386	4500531.0
SRZ187277	9.493713339420292	1.0025155439208544	16.293305896811752	55.571968271084955	17.63849694876215	5456474.0
SRZ187278	9.29172582041629	0.9263942479849261	17.224524679304167	53.34900178745447	19.20835346484015	6716255.0
SRZ187279	10.795742593817542	0.3629941017881381	17.371074288376462	52.35072393400215	19.11946508201571	5087135.0
SRZ187280	9.461841591678347	0.34499719605062407	16.5600032530867	62.59320173801211	11.039956221172218	4352789.0
SRZ187281	2.7024662496422858	0.9112404577539921	23.250773280475666	63.03634176141989	10.099178250708166	2994709.0
SRZ187282	4.547392996729903	0.6127858638506911	17.107152557801406	72.28692913626953	5.445739445348462	9274039.0
SRZ187283	14.788094061819331	1.5144835552296194	18.66569259025485	56.956808948067454	8.074920844628748	4287138.0
SRZ187284	13.467688345031407	0.8301986726945841	20.988153835052817	55.72750382789381	8.986455319327378	5294034.0
SRZ187285	12.410339941555687	0.4519920065854777	22.982843409256695	43.43196701493448	20.722857627667658	3883697.0
SRZ187286	32.01259193880553	4.349043836422477	8.722800823771697	41.88631950573698	13.029243895263313	849750.0
SRZ187287	13.388794713468446	4.119300968758723	13.222047487104776	33.85059466672113	35.419262163946925	2203335.0
SRZ187288	21.657329467075815	2.59058022015146	11.706736859885702	31.490104445257735	32.55524900762929	1420840.0
SRZ187289	19.45130990766178	4.84744408492011	17.36587102185483	36.12171907748875	22.21365590807453	2640835.0
SRZ187290	10.858752616863136	6.77047475868658	24.801364281398843	49.133800739044304	8.435607604007137	569384.0
SRZ187291	16.481092478547435	0.49906795793739683	20.537029436325824	57.50643652627097	4.976373600918376	8590814.0
SRZ187292	13.328667616305031	1.004694499048931	18.821354374168624	62.89241802468151	3.9528654857959045	5941209.0
SRZ187293	3.6547548288191067	0.17758928996097634	12.908171091752052	43.127423622903414	40.132061166564455	3174741.0
SRZ187294	5.339359851203743	0.9853554916226324	15.849067089282029	43.48509219903909	34.34112536885251	5146366.0
SRZ187295	11.82148020948871	2.635574833764674	16.20523512561183	38.25888743201767	31.078822399117115	3059067.0
SRZ187296	11.934655064852327	1.6591695927756374	16.288101129043195	49.79117243658116	20.32690177674768	8243883.0
SRZ187297	9.35177963445388	1.3495450432441205	15.439884060340132	50.4030823170814	23.45570894488047	5187526.0
SRZ187298	9.782960803368967	1.1548671042535033	18.313670983343503	54.856342157176115	15.892158951857915	7433496.0
SRZ187299	15.979489968943895	7.149643662962241	14.621598038461379	35.01800920052748	27.231259129105002	1676643.0
SRZ187300	15.309295790627425	1.4103332934891175	11.52578359728438	35.35694677150423	36.39764054709485	1974356.0
SRZ187301	8.279995135075172	0.6277624152480644	9.699844830282286	18.348718880853447	63.04367873854103	1496426.0
SRZ187302	10.532702344979148	2.1046125415178683	18.436405863696525	56.86801688185201	12.058262367954448	4004300.0
SRZ187303	4.299057621485728	3.1067338966620364	19.965194015412344	64.78932292394576	7.839691542494129	2468541.0
SRZ187304	4.074725454118265	1.4728330022610558	19.281679955328126	68.17733650064231	6.993425087650241	5243568.0
SRZ187305	3.4627008666115056	0.9179404549347501	33.440476708908534	54.266326989795175	7.912554979750032	6888900.0
SRZ187306	12.936667310734563	1.2589947972148736	19.66384842904458	62.31401791333373	3.826471549672249	10024823.0
SRZ187307	8.586845320240839	1.8570313011859692	15.627464884761174	44.48793021101671	29.44072828279531	4319421.0
SRZ187308	15.492712497089494	1.0689187547935268	18.862222210293158	43.657815822547406	20.91833071527641	2980582.0
SRZ187309	7.564912621516395	2.550626097795909	12.694236014990732	45.4947346268101	31.695490638886866	3088575.0
SRZ187310	10.05820508537306	1.6124822107299184	17.082604297688707	47.04486308993576	24.201845316272557	2915381.0
SRZ187311	12.399122932300656	2.116157061496755	15.553986772346432	50.190090277579415	19.74064295627674	4411062.0
SRZ187312	9.502555720563784	1.1026296209174344	16.594627282758704	56.92752212719947	15.872665248560608	4952615.0
SRZ187313	9.304693927709046	0.9938295802978032	17.103431900059977	58.977893703145874	13.620150888787297	5525394.0
SRZ187314	11.800985874028227	1.016064050350873	14.689477183406364	47.86162343979153	24.631849452423005	4799599.0
SRZ187315	30.772992842243912	3.105493848148794	13.090597687734	31.99556914731416	21.03534647455913	1026439.0
SRZ187316	22.255223642444236	1.7588308047693757	15.500228004085445	37.55587720015843	22.929840348542516	1234627.0
SRZ187317	12.758431180577125	1.1506201860634393	15.64388978114182	60.17377646112472	10.2732823910929	6561418.0
SRZ187318	13.450801622748914	1.8049561335004747	17.024013479207014	48.873293349982724	18.84693541456088	2471362.0
SRZ187319	5.24453350414928	1.036409270115479	14.777626833632342	67.50114936477155	11.440281027331348	3760773.0
SRZ187320	3.781722898206036	0.5239214985518774	15.694537458657543	70.2220652291655	9.777752915419047	5058964.0
SRZ187321	24.38581412887861	0.7583551823703163	16.795262220869255	43.07144244080542	14.989126027076402	5242794.0
SRZ187322	17.702773292728573	0.8322391879323424	17.10740668429007	50.128112288415004	14.22946854663401	5808186.0
SRZ187323	19.50686854278826	0.6446110068514633	17.26419693790622	48.97913300368192	13.605190508772129	4830355.0
SRZ187324	17.318499991769475	0.6485653227672766	27.333256837871257	45.432760972983544	9.266916874608444	4130964.0
SRZ187325	13.853765098946287	4.433022073731403	12.49835803421	25.697906850566834	43.51694794254548	700380.0
SRZ187326	18.91885433400383	2.5400100723404333	14.930482331286804	36.61576530371452	26.994887958654417	1673891.0
SRZ187327	12.181961459390457	3.4006112295251194	16.427244203933153	40.91347118468611	27.076711922465158	1719485.0
SRZ187328	13.570667337825641	2.0353518570588687	15.738153618064663	44.77194031142039	23.88388687563044	2034292.0
SRZ187329	12.602792410014583	1.0028169421994466	19.84285346789691	54.617694008695295	11.933843171193763	4695872.0
SRZ187330	13.784047258397507	1.1060713996318314	20.96117030452197	52.11234557529185	12.036365462156843	4023158.0
SRZ187331	17.820485340330833	1.285330837334077	19.163370518678832	49.38684107016463	12.343972233491632	4044873.0
SRZ187332	11.214102930790927	1.2547735123656294	18.149908928188115	52.55205099945549	16.82916362919984	5268919.0
SRZ187333	17.492073379318796	5.747297800969064	20.971310994133535	40.71490204688067	15.07441577869794	979295.0
SRZ187334	17.794850652457164	3.014346028003803	18.821832197153466	39.66125803214952	20.70771309023605	1482013.0
SRZ187335	19.17973644186557	1.1163093506292354	17.58825894109515	48.90542942353527	13.210265842874776	3111951.0
SRZ187336	7.949145800229117	0.7177305285966834	17.257870063152815	53.45738922840753	20.617864379613856	3265571.0
SRZ187337	14.993000764124405	1.3953576075273886	11.586316875476456	34.71472838565026	37.310596367221486	2227386.0
SRZ187338	14.40340841996873	1.1404697913665327	11.79461624573121	33.74699472393971	38.91451081899382	2117110.0
SRZ187339	19.745028139893893	0.5500898951646678	7.158489540225186	30.81376396082405	41.7326284638922	3619772.0
SRZ187340	7.943923742707757	6.944170330925034	58.86161022561682	17.437934748473182	8.812360952277203	2193941.0
SRZ187341	8.029625233822987	0.6055771171044649	20.42579410061239	49.36583351856144	21.57317002989872	1894061.0
SRZ187342	8.19778417931618	0.9161346427679724	18.364957269055036	56.0828854571693	16.438238451691518	2711501.0
SRZ187343	7.593392667815407	0.6021955031551348	18.079510752347023	57.57149184926076	16.153409227421673	3246454.0
SRZ187344	4.803828610878653	0.23030449799283062	16.849188392692362	58.80273885120191	19.313939647234246	2048158.0
SRZ187345	11.269494463314818	0.8716272839417316	21.21500654229394	64.30975566881425	2.3341160416352706	10364866.0
SRZ187346	9.299855987762086	0.923206672497553	22.110303787320394	62.358980201617136	5.307653350802835	7197305.0
SRZ187347	13.986646085923802	0.5835970840219213	17.000714254041945	49.36274398187041	19.06629859414192	3337748.0
SRZ187348	14.8649995969155	1.4065510280300026	15.09145082451346	53.85669605618833	14.780302494352703	3039065.0
SRZ187349	13.268804854898036	1.8051155393812346	16.392180202129452	31.856992923657174	36.676906479934104	1434922.0
SRZ187350	11.084748869474877	0.7864631668484326	25.649963097693192	59.01672285773872	3.4621020082447767	11958602.0
SRZ187351	12.279287354736736	0.5463118645146576	22.007254905837147	62.623902614726696	2.5432432601847625	4147814.0
SRZ187352	18.236447214113902	1.2908897398843555	20.041877070151095	56.627790821129345	3.8029951547213	3855093.0
SRZ187353	6.356284525435802	0.6207603107395963	10.42890825897773	40.833612843278424	41.760434061568446	5035599.0
SRZ187354	23.729738109497028	2.36205125368186	11.620880481621736	28.933841337312113	33.35348881788726	1554581.0
SRZ187355	9.809520924699898	2.1789784518857567	21.553108107333696	54.63143236302281	11.826960153057842	6107495.0
SRZ187356	5.809488612469084	1.9891704170902333	21.27211491866376	56.20812326550058	14.721102786276342	3060321.0
SRZ187357	9.018993491567866	2.4497428519899844	16.2848453138815	62.148045474400256	10.09837286816039	39905617.0
SRZ187358	8.934096892479099	3.4461033400529826	20.040099448070404	62.2442930952775	5.335407224120012	15564304.0
SRZ187359	8.601456614644235	4.598555196972592	21.252203005349806	57.65505081645277	7.892734366580595	3962201.0
SRZ187360	6.446454229911836	1.393571708738132	22.16557176392675	65.55109776072187	4.443304536701416	10147020.0
SRZ187361	8.465505937509237	0.5726671394362188	18.79323205638231	69.79283709908168	2.3757577675905535	21483335.0
SRZ187362	11.931748521959753	0.8166946336540554	18.707562776132555	42.112823777444774	26.43117029080886	6484431.0
SRZ187363	10.49657943721248	1.3117089403319881	18.47025220514003	56.03859247356449	13.682866943751012	2923057.0
SRZ187364	8.884567124176323	7.0395859051181535	19.24411703164286	47.37327519717111	17.458454741891558	1476763.0
SRZ187365	17.021937130865588	3.5223806330181944	15.488717737922679	46.482595244791554	17.484369253401987	924460.0
SRZ187366	10.653619974819009	1.064835339383649	18.32111258086396	69.08919772536608	0.8712343795673011	8316591.0
SRZ187367	13.668162325230119	0.6254983642648885	18.366774560725407	64.97326215727873	2.3663025925008556	2135737.0
SRZ187368	12.669432202573919	0.7080771483293573	16.715712371580864	63.67088930334296	6.235888974172898	2627821.0
SRZ187369	30.166283610976706	2.2433598880210135	12.64742603857054	36.69752713071127	18.245403331720468	925888.0
SRZ187370	14.763233028113717	3.534173755055508	18.30768559234806	41.46495090343223	21.929956721050484	2130597.0
SRZ187371	9.621907675521568	0.8276253264877197	16.744761216711378	56.73022655694054	16.075479224338793	7009452.0
SRZ187372	19.58153751910413	3.0371008187558535	15.38803130837373	45.70848582778311	16.28484452598318	3839484.0
SRZ187373	13.545719147247222	0.6033104624283829	20.56685421543731	56.42013987144763	8.863976303439456	5442140.0
SRZ187374	27.109087183884657	1.6671998177795568	12.170611705765346	44.91320802328224	14.139893269288207	3582474.0
SRZ187375	12.904002363059112	0.9799536186801899	18.65507835011038	50.01564351690306	17.44532215124726	3659663.0
SRZ187376	8.180041067606881	1.86695161081546	19.362841431363364	44.31340492617946	26.27676096403484	4241299.0
SRZ187377	30.705026336124323	15.25219096597127	8.397294063218244	30.158841424946374	15.48664720973979	1212593.0
SRZ187378	16.245313430743895	1.5339947605237827	18.417933766589787	53.54275264189561	10.260005400246927	3881304.0
SRZ187379	5.8857351104540765	2.323217124801407	5.090790716514076	19.22541121709734	67.4748458311331	1747921.0
SRZ187380	21.211749910676616	2.2546634880326852	17.532454162469644	46.589239610731724	12.411892828089327	4953910.0
SRZ187381	22.822291636650995	0.9959365485899845	25.024238147824967	44.94779687021662	6.209736796717433	5281963.0
SRZ187382	10.359895309888262	3.5137837150764035	12.628198626699666	31.806483990237002	41.691638358098665	3795965.0
SRZ187383	16.85799413985222	1.2129497284342399	15.517173103160466	49.155924134203275	17.2559588943498	2954533.0
SRZ187384	13.710637828705494	0.5271732036873548	20.48610351086693	59.90800259097391	5.368082865766311	4934052.0
SRZ187385	13.530571323291715	0.5889334228533838	21.148569374648194	61.615113516397315	3.1168123628093922	4423590.0
SRZ187386	13.719389394463569	1.7469632566423452	19.022137739354235	55.17055619264346	10.340953416896392	5032447.0
SRZ187387	2.9420571699830105	0.37601108760592694	7.9316415205748685	22.63125626119254	66.11903396064366	3092462.0
SRZ187388	10.614123787550934	1.4090959479993557	8.092364472432688	27.746579541619685	52.137836250397335	1632749.0
SRZ187389	12.110461199606311	0.3672026545374626	20.54387917936761	62.37649425232439	4.601962714164222	3348832.0
SRZ187390	13.027699649775355	2.546892405463547	17.07759385458735	58.412934393558096	8.93487969661565	2830469.0
SRZ187391	3.8908160553568885	1.4780463011708167	4.567367688205236	12.067840076956422	77.99592987831063	1979302.0
SRZ187392	16.98643303091988	1.7291398381505125	18.433923815878615	60.05757083937059	2.7929324756804035	3722718.0
SRZ187393	24.673921135568406	0.81448370846465	15.901431868377298	48.20886170186366	10.401301585725985	3223760.0
SRZ187394	36.65207687431067	23.921614603687395	7.11165533352439	23.205151586205698	9.10950160227184	230298.0
SRZ187395	23.652282409192907	2.5813202525792924	15.422365346227275	39.988452085371975	18.35557990662855	1356089.0
SRZ187396	12.002674022702932	5.2651529856114285	6.545475512482959	14.801492063564556	61.385205415638126	1751668.0
SRZ187397	4.008377414972603	0.9291346047806872	21.270818581120164	63.72079246003179	10.07087693909476	4071423.0
SRZ187398	10.386520738739982	0.40839451134034055	18.623819813090137	65.00070249742213	5.580562439407408	2854103.0
SRZ187399	26.27094212083704	1.983188324699482	12.223225175704506	29.628676124452994	29.893968254305978	3760006.0
SRZ187400	12.797041499577395	2.118424274659217	11.625990357753162	49.34555421854882	24.112989649461408	759574.0
SRZ187401	6.352210196491539	0.7349223938556155	13.896092078897908	67.86772166635556	11.149053664399368	3637663.0
SRZ187402	6.178735209194361	1.5929909981316877	16.658962237445508	68.59484515654192	6.97446639868652	7065200.0
SRZ187403	13.612485467033746	5.610002379522789	6.384555540897585	43.099593508464565	31.293363104081312	8110870.0
SRZ187404	7.717675091543681	4.531683347554203	9.52217472472025	53.82977243973159	24.398694396450278	9865782.0
SRZ187405	3.9117318230582505	0.7116140182117252	18.807741501701038	65.2489828031762	11.319929853852777	5663604.0
SRZ187406	39.37234305352039	1.4318269077185752	11.152820864885994	35.44732933784801	12.595679836027028	5039855.0
SRZ187407	38.28757137249598	5.782038045539858	9.78640203454907	27.57905813044468	18.56493041697041	1212652.0
SRZ187408	22.830483040933462	1.0295259928145795	16.847467621194912	40.78614396921722	18.506379375839828	2116508.0
SRZ187409	4.622886081271271	2.075335964103254	10.75803173132805	23.447444374308546	59.09630184898888	5194677.0
SRZ187410	5.6713645552994505	0.9750962541366744	16.41158783914292	61.95949600175125	14.98245534966971	3106360.0
SRZ187411	13.042957170245932	1.5829071195780933	14.98896058261048	52.41583066389802	17.969344463667476	2511455.0
SRZ187412	2.706243637323866	0.7765489510943189	8.486771069203122	36.385775519701106	51.64466082267759	5703182.0
SRZ187413	20.21040992123132	10.2046587590835	8.215265045961635	18.738514886824966	42.63115138689858	944157.0
SRZ187414	14.120236224309835	0.7575622322898115	19.248208751339607	52.95750847914798	12.916484312912768	2072437.0
SRZ187415	8.072215153274389	0.5003159619886596	18.782698640764064	63.14230619713631	9.502464046836584	3503586.0
SRZ187416	6.9793732045042045	0.17488391165869446	27.34023145440693	55.0868478258337	10.418663603596467	2145995.0
SRZ187417	7.459914809355868	2.9433563323833525	12.705180519702084	45.661038565127775	31.230509773430924	1430204.0
SRZ187418	7.682303809176683	0.1706398869313176	26.86604579205769	62.72536366875125	2.5556468430830623	3163387.0
SRZ187419	7.291886921416384	0.5064015250233982	21.75965309979364	56.55228171627418	13.889776737492399	2440356.0
SRZ187420	39.81634135336447	4.9711700181479035	10.112987479873503	31.17040356658473	13.929097582029389	1504857.0
SRZ187421	9.322815841738608	0.4743325277037679	21.3766730323449	57.734196963871625	11.091981634341096	4897619.0
SRZ187422	10.626538239444873	1.0216493170180194	17.30134637358905	48.3071033678979	22.74336270205016	6135667.0
SRZ187423	5.62268712727126	0.52958375436514	24.229373084340306	52.25692663874546	17.36142939527783	2973845.0
SRZ187424	14.87761698824722	0.8889367885986029	8.050985597745823	17.649890330867244	58.53257029454111	3720737.0
SRZ187425	4.392611922976052	0.6876707621102303	6.865754729589186	19.539355547941007	68.51460703738353	1990342.0
SRZ187426	15.844511438665522	6.311741237382775	19.499526819767734	43.161941817495155	15.182278686688814	910858.0
SRZ187427	8.517182460335569	2.6052618249797512	19.321177458455914	57.086995252303566	12.469383003925202	2151991.0
SRZ187428	6.852877487595816	0.7596570686043028	17.101016967190812	61.796785082535784	13.489663394073284	4660524.0
SRZ187429	7.397773879527598	1.2271870007082737	17.21450807926076	49.66466126402135	24.49586977648202	4856880.0
SRZ187430	23.554781251002286	3.382104966490401	19.088577119846377	44.32778468146262	9.646751981198321	7327005.0
SRZ187431	1.5290459407695145	0.25735132540700945	5.2168446175932965	89.68775052640348	3.30900758982671	29989354.0
SRZ187432	1.948574162346559	0.8308373754093008	6.643796204412891	86.05426837588037	4.522523881950886	8164534.0
SRZ187433	0.33537439975548	0.1603865787452764	2.8161911960365575	96.1391606353377	0.5488871901249867	25100604.0
SRZ187434	1.5928422797572155	0.5131849109207645	6.772244747337938	87.33419432425198	3.7875337377321054	22025784.0
SRZ187435	17.240867275780992	1.558105816713072	13.921942011923502	39.311719043016446	27.967365852565987	8081351.0
SRZ187436	27.48033498288933	1.3425456001762803	10.423370213400572	30.555186675754374	30.19856252777944	2387107.0
SRZ187437	9.055975591901804	1.856634957587676	7.972712599343165	22.799719480388028	58.314957370779325	2213036.0
SRZ187438	7.276728316537001	1.5457433963214213	11.134605524638571	50.056664442730465	29.98625831977254	5878466.0
SRZ187439	5.7308052650479375	1.4628343066703848	15.9441636891447	33.39593987044018	43.466256868696796	2492285.0
SRZ187440	14.998045448193764	6.537577806196902	15.84024206961978	33.878897974754146	28.745236701235406	1696041.0
SRZ187441	2.5432212399758667	0.7328206758314418	8.845617927941968	77.08539396754318	10.792946188707544	5184488.0
SRZ187442	4.793309803638798	0.9326497919403173	13.313021528109985	25.426114732282908	55.53490414402799	1858361.0
SRZ187443	9.36626805670059	1.145619931785032	16.57863608665562	45.89687242367175	27.012603501187005	3626770.0
SRZ187444	9.970800819904126	0.6087177808765893	17.175799336924133	48.777478405776876	23.467203656518276	2801791.0
SRZ187445	6.86549242110382	0.23789180948551708	18.753925056382712	52.74257018238523	21.40012053064272	2208567.0
SRZ187446	10.39455193461536	0.473065016415273	18.009856339452664	50.02298100450972	21.09954570500699	2647839.0
SRZ187447	7.723227433439247	0.755056490068017	17.95279831790867	49.794947692768915	23.773970065815153	3215521.0
SRZ187448	16.46264246517518	2.060937275682301	12.118030482565628	31.72444197791696	37.63394779865993	1866772.0
SRZ187449	3.2275972132883113	1.376916652221189	20.488963893946796	64.4241196973756	10.482402543168101	2792108.0
SRZ187450	4.734749821799101	1.2600468531747355	16.461786784918985	74.09359270939136	3.449823830715827	9204499.0
SRZ187451	9.95321815316166	0.39032228051614354	20.287677437578242	49.73160468364451	19.63717744509944	1794927.0
SRZ187452	16.91724023805	0.6044060438853248	15.359951248256522	50.18154946139305	16.936853008415103	1142113.0
SRZ187453	17.72729969856265	1.089778499623009	12.690782690170682	33.09420484132677	35.39793427031689	3218911.0
SRZ187454	15.63341105804534	0.5021058964267084	14.624285368052284	34.9292024023127	34.31099527516297	3602029.0
SRZ187455	18.6765001410741	2.563724061068815	16.52093482644866	36.77172801181466	25.46711295959376	2980703.0
SRZ187456	14.418896901178694	1.0088253899178048	13.814924140213407	38.64748147072025	32.10987209796984	3070006.0
SRZ187457	15.609733489862863	0.5655645007373359	12.583244503919502	36.93700367591381	34.30445382956649	2740271.0
SRZ187458	11.18709289464221	0.8655993687667214	12.775598424754298	41.17432962840288	33.99737968343389	1832603.0
SRZ187459	12.388322881926962	1.2897755759627942	16.23385851162464	39.917550804905545	30.170492225580062	3757708.0
SRZ187460	14.1555311159104	0.6562614560836671	22.075153808310873	29.677491656647046	33.435561963048016	2632335.0
SRZ187461	12.731165146158375	0.9076607901559927	16.742111558161998	33.31169513078058	36.30736737474305	2885329.0
SRZ187462	12.37683821336991	0.5433359174667541	15.642387739280815	49.52013835052776	21.91729977935476	2096125.0
SRZ187463	9.85008460667747	0.6783084969840493	13.791343139341226	45.5193625306703	30.160901226326956	1649397.0
SRZ187464	7.235415526411445	1.4153613790855955	16.778986158172028	48.93804810588811	25.63218883044283	1914776.0
SRZ187465	13.00598428571145	1.434337195222359	15.555836249203935	40.755174664561906	29.248667605300348	1512127.0
SRZ187466	8.177824443562647	2.181775361896637	6.018312095562914	37.20063759309221	46.421450505885595	1630507.0
SRZ187467	14.946296135063044	1.4130804726889925	10.924363429132269	43.589531506003595	29.1267284571121	2526820.0
SRZ187468	5.079779745661705	0.4363169850305803	11.562435386909362	60.21548399571234	22.705983886686017	1417089.0
SRZ187469	13.051319927914347	0.3858091826046494	17.301566166082537	42.015177596725096	27.246127126673375	2080303.0
SRZ187470	10.996935172076116	2.6914593615827167	14.535414121304365	48.543871845386704	23.232319499650096	2164885.0
SRZ187471	11.87150649315561	0.5519468036133474	12.617307530439428	47.000221339864765	27.95901783292685	1924642.0
SRZ187472	15.190151439410458	0.5190993775373403	16.280504173499168	34.192581618025045	33.81766339152799	2540554.0
SRZ187473	7.703027322266396	1.0264148997236264	22.808560405559057	50.53586475562746	17.92613261682346	3722861.0
SRZ187474	8.017835733876398	0.4627108344692802	27.094943257402814	40.72213371873409	23.702376455517417	3044450.0
SRZ187475	7.065839853581983	0.39269366874075584	21.079686554864885	49.33744228595409	22.12433763685829	3212173.0
SRZ187476	7.905902929079579	0.5241153672648651	20.847205678311255	48.94530344745466	21.777472577889633	4686182.0
SRZ187477	13.079625832623009	3.2500160989975946	17.25012355266201	39.13412922712999	27.286105288587393	2624387.0
SRZ187478	4.8680319218039045	1.7631172309526735	20.38751088662563	69.23786359563412	3.7434763649836666	12739255.0
SRZ187479	14.528042527520267	0.8812882633765657	16.003716648545733	37.55697475924764	31.029977801309794	3814189.0
SRZ187480	19.208503244017948	2.089549254634733	5.651334641422188	42.489500905634934	30.5611119542902	2200666.0
SRZ187481	12.12269652775165	1.0139571050801084	18.055527416879155	39.575247483678766	29.232571466610324	4146132.0
SRZ187482	12.806678811919362	1.5051588115469534	18.081402401539798	39.64860003280478	27.95815994218911	3651907.0
SRZ187483	8.18232667230647	0.7439297738155392	17.797534374540195	47.48268545217647	25.793523727161325	3663249.0
SRZ187484	9.20711511315724	1.3794170659719747	17.380306958354545	69.64814862964121	2.3850122328750234	9538232.0
SRZ187485	7.209609862170851	0.5516648564799098	21.66526657915713	66.05144727604593	4.522011426146171	6144854.0
SRZ187486	9.753411516095293	0.6408570943090078	12.998216008022341	69.30719162456954	7.3003237570038175	3289813.0
SRZ187487	8.291827912081077	1.6175173611882472	10.611429282315358	69.72360943879931	9.755616005616005	3601136.0
SRZ187488	7.211301384161527	3.260428417156998	10.197673417019706	73.63597142381056	5.694625357851211	2658577.0
SRZ187489	11.979509657750874	0.3616058963295454	26.84824450028888	51.45865053148801	9.351989414142691	4555512.0
SRZ187490	11.415451986604756	0.37005148654212977	26.728262941700866	52.4852348556948	9.00099872945745	5444918.0
SRZ187491	11.863971446804783	1.1278301519605503	21.694719832489525	45.59888266181604	19.714595906929098	2659177.0
SRZ187492	7.605072556817809	0.7089646506122103	18.4747390468978	50.015647928769674	23.19557581690251	3348686.0
SRZ187493	8.63480288392048	0.8509454396113895	21.514616496693836	48.0015003194063	20.998134860368	3313961.0
SRZ187494	8.280528615646672	0.44994214883628786	20.972553120439688	49.42184578401347	20.87513033106388	2937711.0
SRZ187495	9.218871641093425	0.5148439124252417	18.201460793344634	48.91958048855995	23.145243164576748	3294785.0
SRZ187496	12.3223060205646	0.8609390530849708	18.84656854211475	42.543760143312014	25.426426240923668	3561460.0
SRZ187497	14.627190056596806	2.4771065782963295	15.88085774141729	42.29418264420498	24.720662979484597	4654503.0
SRZ187498	14.55154252324396	0.5145431584536748	16.32183299049864	44.329603392753484	24.28247793505024	3435086.0
SRZ187499	11.673063239224343	1.1122192278169665	15.557622379973218	52.32725051966316	19.329844633322313	1784810.0
SRZ187500	10.925218274802468	0.7112490177510024	9.71609824769091	54.4164127985847	24.231021661170917	3027491.0
SRZ187501	11.288140952447872	1.2048493955146335	13.660950393959336	39.42228305887026	34.42377619920789	1480102.0
SRZ187502	13.12216033418155	1.1229315650507576	13.98792246910395	34.81753662479687	36.94944900686687	1441851.0
SRZ187503	9.833437656350702	0.474628094985572	19.771079375660644	41.52903046684134	28.391824406161742	1401097.0
SRZ187504	10.950349117892864	1.5637923390250628	8.920634124966835	35.57398542338809	42.99123899472715	1157059.0
SRZ187505	8.10708054697764	1.4302672306465833	8.035868929586798	34.591103496430065	47.83567979635892	1657033.0
SRZ187506	12.392144540723908	0.6005453448663769	22.42082915131719	44.5494757235297	20.03700523956282	2342371.0
SRZ187507	6.721980094159371	0.7085680032968268	19.050164216941194	50.16381732582389	23.355470359778714	2001925.0
SRZ187508	7.9280422581365775	0.8538549597419451	16.781980663269163	51.73558589529516	22.700536223557155	5752265.0
SRZ187509	5.436941966037424	0.7760602449097467	17.194137484710144	40.544271784317026	36.04858852002565	4778495.0
SRZ187510	3.545852620870167	0.31830926819563743	10.150816094466215	34.28349142247455	51.70153059399344	4332893.0
SRZ187511	2.0247132519275564	1.0959764969347372	12.36918812329328	80.62732803506408	3.882794092780338	3128443.0
SRZ187512	8.988032750254018	0.7179401236988224	17.26455484866499	51.0935108710775	21.935961406304678	3795024.0
SRZ187513	6.41276408161003	0.75045770970206	18.27932113466971	38.83038932605386	35.72706774796434	9237296.0
SRZ187514	5.329158114458639	0.13563656819419007	24.322858187671343	46.51357614916313	23.698770980512702	2641618.0
SRZ187515	4.623896290637848	0.547791832363492	21.577546114269023	50.93673938604177	22.31402637668786	2670540.0
SRZ187516	6.335658989241091	1.3108779303065108	13.982771748928384	33.448206058635584	44.92248527288843	2257571.0
SRZ187517	11.693371814802035	0.6506164187239115	18.810387659355253	49.10844158816237	19.73718251895643	3080617.0
SRZ187518	9.915286869464767	0.29074522890917376	15.499344391844788	59.54929141467908	14.745332095102192	1589364.0
SRZ187519	8.955894273830248	0.799856480312554	20.07614516750608	51.031481309218485	19.136622769132636	752510.0
SRZ187520	9.46509731243182	2.8362308534384297	14.742973462317364	42.998242594162676	29.95745577764971	5266285.0
SRZ187521	2.376738916774758	1.0552328755930602	16.044308546117485	73.48736729551942	7.036352365995285	5091388.0
SRZ187522	5.213685935012537	0.9998361570390341	16.935299806625057	73.99030727179334	2.8608708295300356	11926054.0
SRZ187523	10.539447928485044	0.5872305409752266	15.126329372748014	46.391732226198044	27.355259931593668	1924968.0
SRZ187524	8.061019142539283	1.087772266303798	16.27153190882929	46.4238470343775	28.15582964795013	3480416.0
SRZ187525	12.68046909785939	0.46588020428333343	15.33144680049141	49.05987444347218	22.462329453893684	2647891.0
SRZ187526	7.815789690017291	0.8206042548294077	19.676782032931953	46.61523580041341	25.071588221807943	2189606.0
SRZ187527	5.8513812848493005	0.9416997979112751	15.99362015864159	39.82028214744839	37.39301661114945	772433.0
SRZ187528	8.152740029684457	0.4050964744887141	23.20892846816631	48.27263439927523	19.960600628385283	1296975.0
SRZ187529	7.773526629907746	0.20180772802878152	20.98851620640193	52.157788132635055	18.87836130302649	1756127.0
SRZ187530	11.28480307620029	0.31323484756095066	26.757147639443527	44.43187612695383	17.2129383098414	1221767.0
SRZ187531	8.022652194431336	0.304653779000637	20.451602250926282	49.5670158222818	21.65407595335994	1623154.0
SRZ187532	5.944571626325087	0.9920692416964325	19.564909007850346	52.33276383429778	21.165686289830354	6591173.0
SRZ187533	8.31975294331321	0.789532572170294	23.699490402192367	45.29413916030728	21.897084922016845	1613233.0
SRZ187534	7.662238425981449	0.5420797083323339	26.605559914884577	46.284081291396966	18.90604065940467	1459195.0
SRZ187535	7.4961464615051785		22.47548750998077	46.3869251538213	23.641440874692748	1405202.0
SRZ187536	12.391389307300418	0.5364940923179643	21.10218425810888	51.52707158685307	14.442860755419664	2000954.0
SRZ187537	7.7528215678449905	0.5877770613253382	21.581107812309224	45.8252342350882	24.253059323432247	2563557.0
SRZ187538	4.122363173172221	0.5054785874230405	23.6955020706834	40.76137823406238	30.915277934658963	3373041.0
SRZ187539	7.337455221696593	0.47958627996488123	17.74891550375823	48.646296783371184	25.787746211209114	2699410.0
SRZ187540	10.0496769027572	0.8945246760245296	17.334982832007178	42.315471691553405	29.405343897657687	2761243.0
SRZ187541	8.839161963816439	0.8175085634128118	18.382137619935246	53.97667356504899	17.984518287786514	4476895.0
SRZ187542	7.693818090591222	0.5772956052837515	19.851235911492743	50.91497789884355	20.962672493788727	2806188.0
SRZ187543	11.5503688320954	0.39084452711492756	35.22031542186719	43.455654505328994	9.38281671359349	706419.0
SRZ187544	12.65327460524841	0.8029172937304645	12.922613436530119	51.505320624840365	22.115874039650645	2176812.0
SRZ187545	8.520113965612916	0.429308493099407	20.32609752584661	54.43927061422845	16.285209401212622	2735562.0
SRZ187546	11.904030823199841	1.9769772401290469	7.825782462575134	29.49724071791809	48.79596875617789	1901944.0
SRZ187547	1.531560956568379	0.6160796124910959	47.24546483245405	48.512723295418944	2.094171303067533	8410439.0
SRZ187548	4.581053357329892	1.9152135080961452	12.651060824272344	77.8235579677797	3.0291143425219142	7426065.0
SRZ187549	10.840743969128358	0.4375043193101588	18.575374470257508	46.54499773723881	23.601379504065168	897134.0
SRZ187550	5.561529491192537	0.6659301540538882	15.901225475152929	33.34241698889093	44.528897890709715	2443950.0
SRZ187551	5.242515878815131	1.5870945983924456	8.40973525940082	13.595188578494744	71.16546568489686	2223875.0
SRZ187552	11.402063470484274	0.5925606303308291	22.134356103817804	44.64537980033219	21.225639995034904	1353448.0
SRZ187553	4.498660638281824	0.561748921219383	12.843649184206953	45.23343110063279	36.862510155659045	1392081.0
SRZ187554	10.372406158282272	0.12602337675711858	13.154060038103085	45.057669532979766	31.289840893877763	776840.0
SRZ187555	8.505204488026038	0.41407135503863074	21.385090519616917	34.40764503415933	35.287988603159086	961670.0
SRZ187556	5.292770665135614	0.47877341987997596	14.299653692018813	33.15987581604749	46.768926406918105	1043291.0
SRZ187557	11.21420691858199	0.2442962373248569	24.48854613119006	46.432670814958016	17.620279897945082	1208369.0
SRZ187558	7.994202661876378	0.7523838037433204	18.665432804405615	52.59219945020549	19.995781279769194	2204460.0
SRZ187559	8.998718959341067	0.706059122059326	22.723331021270372	44.91913544623119	22.65275545109805	1647879.0
SRZ187560	4.862397873244579	0.6750310106528048	17.840888395174932	42.782378156902574	33.839304564025106	2207306.0
SRZ187561	5.31557702978924	0.06835366260143899	23.156915785095332	46.13233757320086	25.32681594931313	2130098.0
SRZ187562	4.467388853217563	0.39824692169847536	20.220219272500046	44.16865632332107	30.745488629262844	1161842.0
SRZ187563	3.8324481510177786	0.4770308877499818	22.356172562173402	44.761023276257134	28.573325122801702	1333247.0
SRZ187564	6.546824571644088	0.2941662687805282	19.703860523942627	41.83572290494387	31.619425730688885	3030599.0
SRZ187565	9.0201008373498	0.2420096395175799	19.400128823046	49.58381271794416	21.75394798214246	1125575.0
SRZ187566	8.558357871160993	0.6092457136392612	20.74765749281343	43.965601069262455	26.119137853123863	1573421.0
SRZ187567	5.25267715745607	0.540294905269813	44.916364476407885	33.82580466705372	15.464858793812521	2631896.0
SRZ187568	7.958032317534966	0.9944390048427157	17.462885744421047	49.95797435112272	23.62666858207855	1587126.0
SRZ187569	10.104631014518619	1.4316175853623128	14.38916184643907	44.22524969067524	29.849339863004758	1501658.0
SRZ187570	6.235306891841048	0.8841747491913267	17.240965711241127	50.23275398402602	25.406798663700478	1584076.0
SRZ187571	8.366007777361496	0.7588721663240773	15.448552142412197	47.22757576814477	28.19899214575746	2666457.0
SRZ187572	17.456260527080293		27.21935855652199	49.761002535230496	5.563378381167222	629923.0
SRZ187573	7.280873978379389	0.20066114918277328	22.87620825780632	46.5046865123055	23.137570102326023	1433262.0
SRZ187574	8.486568847111151	0.5407014455702364	14.711627592812778	48.5477261518587	27.713375962647135	2946173.0
SRZ187575	8.526050249435649	0.8219941740800105	15.820260209747131	45.20767788397301	29.624017482764195	1998311.0
SRZ187576	11.862550389745799	0.5115057603392896	17.467522991720106	47.04702934444914	23.111391513745666	1843381.0
SRZ187577	8.16341124469337	0.5826864998049369	21.241538988389177	42.39988812673461	27.612475140377907	2517134.0
SRZ187578	9.388389060632958	0.893269212880025	14.47553442213272	43.79767848429907	31.445128820055228	1666239.0
SRZ187579	8.36214109637904	0.5662101183206765	27.91495444461683	36.458229738097984	26.69846460258547	754137.0
SRZ187580	6.961283010911391	0.23621580306784037	25.538486373939172	31.36613120025302	35.89788361182858	607072.0
SRZ187581	7.614178654991081	0.4295092315889453	18.780694743669933	46.50507042416661	26.670546945583432	1381344.0
SRZ187582	5.539681436018476	0.9345320198895776	19.678401091446204	38.10463639131203	35.74274906133371	2128552.0
SRZ187583	7.469693222643704	1.069932152956486	18.78008850851071	37.56705100419471	35.113235111694394	2531282.0
SRZ187584	16.917747075249014	0.6547780647392349	13.85682196749503	54.606409454967086	13.964243437549632	1278143.0
SRZ187585	13.083559753405936	0.23127457825092532	17.71876032972099	50.2315339793161	18.73487135930605	2698524.0
SRZ187586	16.99230155380317	3.514100885833026	20.577507212485543	45.94752962754611	12.968560720332153	1494977.0
SRZ187587	11.050636765255202	0.5231990391651711	16.250948029948123	50.500426582636386	21.674789582995118	2026571.0
SRZ187588	13.525044956995846	0.12633309177335567	23.698977396094502	50.98738797771725	11.662256577419047	1080477.0
SRZ187589	10.096641867817247	0.33527416786940706	16.789977610427513	49.015549706141606	23.762556647744226	1317131.0
SRZ187590	5.896583338042939	0.27975057928150254	19.594864017984413	39.88376693103253	34.34503513365861	1273992.0
SRZ187591	15.793631359499793	0.6391785775383491	10.178721777020431	45.09353710120523	28.294931184736193	1788702.0
SRZ187592	12.023947591135629	0.670414547036882	26.148011158825188	39.73625935971354	21.421367343288757	1084702.0
SRZ187593	13.012235854243462	0.5924258496401531	17.17075450706331	49.71832693854053	19.506256850512546	1698778.0
SRZ187594	4.365170034380519	0.8615290325875709	21.332229429258298	45.78343588351303	27.65763562026058	1116039.0
SRZ187595	9.055674127098595	1.5347321250183288	28.355500828762207	41.86239546148721	19.19169745763366	1166197.0
SRZ187596	10.467139884959002	0.0763676416595276	17.515726349284055	47.68216864520866	24.258597478888753	817100.0
SRZ187597	13.375877353337364	0.6080217933849824	18.085947260623822	52.736700171364674	15.193453421289158	2989531.0
SRZ187598	10.449421577047682	1.17717527395397	15.820818196336438	53.0754563314668	19.477128621195106	2385711.0
SRZ187599	9.96921803461031	0.33603106650456555	23.73517486225717	45.33743759538529	20.62213844124266	1237088.0
SRZ187600	7.271366882671314	0.731332705434707	23.436598218196654	45.73342883408249	22.82727335961484	2659665.0
SRZ187601	8.0070818431935	1.882206330587791	17.13908466291374	35.95691264562213	37.01471451768283	4179138.0
SRZ187602	7.85888191147661	0.9205168886171294	17.937082459981	44.00556739265703	29.277951347268232	5197406.0
SRZ187603	5.667669486855064	0.9281885593166533	20.57603156470933	42.986396150714576	29.84171423840437	1968781.0
SRZ187604	7.773664684206234	1.024712865738889	9.334510772272175	33.897813829484576	47.969297848298126	4868193.0
SRZ187605	9.130520550294207	1.0742104098001857	12.302880849186874	33.423068563051835	44.06931962766689	2985821.0
SRZ187606	8.86983448686866	1.6764638160122443	12.986556008542031	33.354101484019814	43.113044204557255	3543888.0
SRZ187607	8.044429374831928	0.9087444024833682	14.333383998409897	37.78896046954834	38.924481754726465	2138225.0
SRZ187608	5.870076018122067	0.33107962796087653	18.67171795268285	43.525795861926774	31.60133053930743	2250516.0
SRZ187609	16.320018430903115	2.1808912386706947	10.346125710159798	44.96166562161546	26.191298998650932	1684128.0
SRZ187610	3.940493412952475	1.374385670606583	16.5060624948699	70.71841910859395	7.460639312977099	3118848.0
SRZ187611	7.526444456175288	0.8607486179347202	14.954956594867836	35.360847824464514	41.29700250655764	2746795.0
SRZ187612	12.36315631957945	1.481846725066176	14.302540160538461	35.19503073786978	36.657426056946136	2796713.0
SRZ187613	10.577556084107256	0.7632546545920981	11.671943464309205	32.616487864316625	44.37075793267481	3504335.0
SRZ187614	10.481035886205706	0.4558322200297062	14.58219507741126	40.647916834555566	33.83301998179776	2705162.0
SRZ187615	6.860239480654078	0.5237164134495509	22.090739146104628	40.89321388384199	29.632091075949752	3770743.0
SRZ187616	7.679904636907634	0.8790965461817816	14.446603341850452	34.96298978227013	42.03140569279001	3910947.0
SRZ187617	6.415013437996558	0.785347504004467	11.742801092318864	33.05299175747769	48.00384620820242	3750187.0
SRZ187618	10.25548766810565	0.5559055829410517	13.750041148419863	44.10184291332344	31.33672268721	2612494.0
SRZ187619	9.627348943700174	0.3805234013875209	13.20344053012468	41.06707954168308	35.72160758310455	3742214.0
SRZ187620	7.05967409144625	0.8195573300213372	14.090658590459459	42.48018396809926	35.5499260199737	3834143.0
SRZ187621	6.323801738463193	2.835664850588743	8.685422554065426	30.537822036432736	51.6172888204499	2872307.0
SRZ187622	2.650683437247289	1.0535743284140286	15.287178149691867	74.6707149641017	6.337849120545109	3048195.0
SRZ187623	4.7912198595108055	1.4994897658406798	21.792642482831866	66.43506956139056	5.481578330426088	4376422.0
SRZ187624	8.128622375298972	0.4267808884175595	10.091894867516151	35.99047654327582	45.3622253254915	3482349.0
SRZ187625	8.344864842561469	0.5707046433458925	16.74107705697037	38.11724775030507	36.2261057068172	2617466.0
SRZ187626	9.330734448474773	1.2768264092475732	14.08235724578434	39.8748289117659	35.43525298472741	2213770.0
SRZ187627	6.947165649252622	0.9630114239317616	13.98279289703308	42.53340658487667	35.57362344490586	6467213.0
SRZ187628	6.575799740812529	0.8842758638423506	16.285359161468968	44.076668903092276	32.17789633078388	3811141.0
SRZ187629	9.771975123236292	1.027063064465502	14.212700767042035	32.44359755044113	42.54466349481504	2749393.0
SRZ187630	7.5668641691754095	0.4506706657084245	17.730604003940915	39.25184870568805	35.0000124554872	3211436.0
SRZ187631	10.853495065125776	0.3067193343541045	18.061981254497468	35.37354931439539	35.404255031627265	2663999.0
SRZ187632	27.52348471369941	5.806405284790202	12.5078101854647	37.55099060731801	16.611309208727672	4985477.0
SRZ187633	40.64449535994682	6.9471200878661525	8.309909945135585	26.318103027065945	17.78037157998549	6547231.0
SRZ187634	46.84176968324782	8.168920489541623	7.561261650515401	21.588600388470898	15.839447788224263	3045788.0
SRZ187635	47.82208147170118	9.087339614003497	5.101133594183098	18.088346162603862	19.901099157508362	1242861.0
SRZ187636	56.62386088012673	5.062612723022386	6.814666888606789	19.368856252309335	12.130003255934763	4373552.0
SRZ187637	55.58829216853597	4.029739659695739	6.651816908902668	21.269885476216462	12.460265786649162	5579889.0
SRZ187638	49.21804604053998	1.1864597874146245	11.121797087670913	33.08197487963205	5.391722204742427	7796303.0
SRZ187639	18.73236588352038	3.0828331219616962	13.259131176349786	52.96913138014445	11.956538438023694	6378970.0
SRZ187640	53.60868629844955	1.0185277604377747	8.571760150927064	31.27171086497126	5.529314925214355	5480263.0
SRZ187641	35.011839998814146	2.4240498354629274	10.552977972784678	42.88614948662457	9.124982706313677	3238176.0
SRZ187642	37.14087835969373	2.8823739301351323	10.300016513518925	40.932123422798774	8.744607773853438	7648279.0
SRZ187643	14.368032789516207	3.280480982386473	15.147204845924355	54.990137504727336	12.214143877445634	10592654.0
SRZ187644	13.636515463845972	3.1117259401157704	19.344729937950277	57.98536643345965	5.921662224628326	4610496.0
SRZ187645	10.224530945092805	2.8733877245573365	20.9302471064179	60.04766888889497	5.924165335036985	2557643.0
SRZ187646	7.776492106985016	3.5758854041953017	18.39154458768442	65.89751053031291	4.358567370822347	2092293.0
SRZ187647	7.012178269836852	3.5172642848456794	17.026746820129112	69.08203713610467	3.361773489083681	2080509.0
SRZ187648	15.716486902927581	19.41448382126348	20.146379044684128	27.38828967642527	17.334360554699536	2596.0
SRZ187649	7.107434239093173	16.717325227963524	19.160362913362434	43.39648513380716	13.618392485773704	43757.0
SRZ187650	37.732128184059164	12.358258011503697	36.072308956450286	13.837304847986854		6085.0
SRZ187651	61.50836774614214	34.622908063464465		3.868724190393393		9202.0
SRZ187652	64.86836426413466	31.17537045029492		3.9562652855704217		6951.0
SRZ187653	100.0					1671.0
SRZ187654	31.80175934652843	11.83631793905121	31.998114985862394	16.847313854853912	7.516493873704053	12732.0
SRZ187655	8.222945950962691	7.023650823114214	16.742159984764733	59.703924768638494	8.307318472519869	414827.0
SRZ187656	23.55868729673795	13.205873657238593	18.044742288361093	36.62166157484971	8.569035182812653	20294.0
SRZ187657	9.332264355771812	2.4241096690579194	17.33093203070665	65.10760432324716	5.805089621216457	4875687.0
SRZ187658	8.456157378540084	3.0187280188494126	19.407394035608572	63.316396320948435	5.801324246053497	3501011.0
SRZ187659	10.799923295980117	2.342159410122565	18.504371649226325	57.62573683478037	10.727808809890627	29589062.0
SRZ187660	8.139206677281782	1.9368947998295083	16.271154748674963	65.17838584566555	8.474357928548198	56636220.0
SRZ187661	8.288702197204065	1.9595931939134454	19.307674719697374	62.689398197373556	7.754631691811561	15434479.0
SRZ187662	4.048334051430167	0.8871924001538676	21.1928779228165	71.49761801145635	2.3739776141431155	1385607.0
SRZ187663	7.019669619447352	1.657621303179724	20.17754448052999	67.25639559348734	3.888769003355596	1853620.0
SRZ187664	7.328067498120369	0.5537385308078888	30.8530515406095	59.27187297305202	1.9932694574102208	1162462.0
SRZ187665	8.435771288137296	1.1502286296382582	22.92609392772471	65.6646247596077	1.8232813948920348	1094565.0
SRZ187666	6.485978712802542	0.8527948636263386	19.669882345893814	61.01126440725039	11.980079670426914	1836315.0
SRZ187667	8.488646774885266	1.0967153259068478	19.888686902038767	60.22627411896812	10.299676878200994	4276406.0
SRZ187668	25.962409371498214	4.639655794039503	16.750849207037017	43.31609462599538	9.330991001429883	6265551.0
SRZ187669	32.65280812886688	3.3028593031082587	16.21911488540351	40.77732596916022	7.047891713461131	6507180.0
SRZ187670	28.64578772889471	2.8428291715832597	15.191982235869515	46.105263190405836	7.214137673246678	6475521.0
SRZ187671	31.553417142009625	2.791447199573459	14.938798640054163	42.96617133611038	7.750165682252376	8953886.0
SRZ187672	29.088226133957537	2.9596681190653134	15.168524090323313	44.37662206101485	8.406959595638986	8222949.0
SRZ187673	24.683196234746912	3.3837733558881165	13.730694156167104	47.46101408661536	10.741322166582512	7375228.0
SRZ187674	58.995111821071525	3.1816984588190413	6.628817145574738	21.075630004017743	10.118742570516952	4335766.0
SRZ187675	60.55238034150105	3.8416319415180515	6.895157771633699	19.558929080643143	9.151900864704059	4022301.0
SRZ187676	57.3038304503395	4.4739149422758295	6.775285549026135	21.286219589499016	10.160749468859523	4199454.0
SRZ187677	10.774632012623561	0.7147116612869446	17.69958528977757	64.28154331675452	6.529527719557408	5003976.0
SRZ187678	23.150697384070746	1.3078057050663883	17.2998989888074	46.364359894805965	11.8772380272495	3146186.0
SRZ187679	14.372041903862602	0.9591681146744788	18.11419073455598	57.64912545488085	8.905473792026088	3100812.0
SRZ187680	6.026883391367434	0.8879577728369759	20.876193746292383	65.10074179229724	7.108223297205962	10962233.0
SRZ187681	6.196787724332547	0.6045622949447672	20.894374130573734	65.53038313410508	6.773892716043874	11363097.0
SRZ187682	6.726262985145332	0.6514697193308502	18.87973757707795	67.98039181236318	5.762137906082684	6147024.0
SRZ187683	6.161115434001761	1.7202159331526903	20.69230010875665	65.82177111688767	5.604597407201226	5771601.0
SRZ187684	6.337484515687234	1.1130097114999447	23.327283988141197	59.2688642149786	9.953357569693026	141443959.0
SRZ187685	12.810168342849105	2.6165708695902357	17.947486365699746	56.596571764690836	10.029202657170076	1251256.0
